gene,SubGroup-20220203-152500_log2FoldChange,SubGroup-20220125-002321_log2FoldChange,SubGroup-20220214-185452_log2FoldChange,SubGroup-20220216-200900_log2FoldChange,SubGroup-20220217-005003_log2FoldChange,SubGroup-20220124-145618_log2FoldChange,SubGroup-20220202-091554_log2FoldChange,SubGroup-20220128-143511_log2FoldChange,SubGroup-20220218-103449_log2FoldChange,SubGroup-20220127-164231_log2FoldChange,SubGroup-log2FC_median,SubGroup-log2FC_mean,NT-TP_log2FoldChange,pvalue
NR0B1,2.264360801430203,2.0803940545200423,2.22818045571019,3.257259013240518,3.7005632052315516,2.5505425245699422,2.119918607787634,1.9661841106036635,2.239831753691185,2.0554136708396875,2.2340061047006876,2.426968572938664,,
ALDH1A3,-1.7931502408982904,-1.6822054257838657,-1.902536964914494,-1.9988981419469654,-1.275649666994536,-1.752688075580441,-1.5989566129992763,-1.7432668001513505,-1.587013858695172,-1.6245238397509667,-1.7127361129676082,-1.6974205218802694,0.6739682317072444,0.012020223016189971
BPI,2.348355466372612,2.3109366681757755,2.1848559828535747,1.767477826641547,1.5537245384006646,2.2638711140174097,2.262357069793505,2.3795783467639824,2.027197047538624,2.1400749431355277,2.2236065263235396,2.1329123209106147,1.5837779395836367,0.0003028167966431266
BRDT,5.201566488334714,4.593573772363141,4.692542118640983,8.256799439196106,8.56301254073651,4.2222804077230816,5.0682291179781975,4.7416695290272255,5.348424276021479,4.853681133060834,4.960955125519516,5.500248540781981,,
BUB1B,1.337424563806861,1.3049058254742771,1.3097921980629488,1.405512601067199,1.3212361142423732,1.262806878106158,1.3480680755988257,1.0740695683583583,1.1567257935850253,1.0470424428972949,1.307349011768613,1.261357552087994,,
C7,-2.016742478474008,-2.0506609496564705,-2.1113988580046947,-2.3343509110293166,-1.3537228840123272,-1.8366505614748632,-1.965215314123743,-1.8064173043835507,-1.559797787313365,-1.7288135292837734,-1.9009329377993032,-1.878609410505038,0.5548238541057119,0.032740355617822806
CALB1,3.585251483530717,3.606736531219327,3.6665611596763896,4.0561625785632796,4.293259237166546,3.3825576835697144,3.5912267195109226,3.097622444855998,3.3874269331663935,3.1738099846791084,3.58823910152082,3.5844412597690196,-1.2434139515156653,0.015026650604324005
CAMK2B,-1.6607884461974132,-1.6408225322695809,-1.7104944413882677,-1.4285560496535423,-1.5668249716390925,-1.4571494663036202,-1.7344539558729017,-1.4112573489409397,-1.4237398691923524,-1.2611879488167008,-1.5119872189713564,-1.5279329317496155,,
CCNA2,1.7011818607292215,1.6849026866246857,1.6438053437285687,1.35386128166391,1.126076903423593,1.498051368722674,1.7227377964076047,1.382150013285361,1.6133241894235584,1.641672225659425,1.6274982075414917,1.5450238070190994,,
CDC20,1.428063729538474,1.378804966136626,1.4856723637518028,1.8678910094588819,1.8175941598845438,1.1803142554639743,1.4936581718706683,1.0259930675330338,1.5008785778638152,1.2546240299894884,1.4568680466451385,1.444578398012404,,
CDH12,2.115994651868896,2.016878223274688,1.930246241554489,1.2494553401692334,1.3211068210533652,2.1054512934798115,1.984755975191868,1.7546553631276485,1.5074837427111214,1.510327917293958,1.8424508023410686,1.758073306551468,,
CEACAM5,4.205127182879606,3.9272367648012616,2.9839091390909704,2.7265035493031626,3.1046882558562032,1.4891211973437688,3.579618768581497,1.3370454907128952,2.8693591167903367,1.4595193542636684,2.9266341279406536,2.782614813414911,2.7495790454994737,0.00010709476357212151
CHGA,3.051319149008189,2.9129923454272943,3.114345239532987,6.760979626580686,6.536878886985723,2.670139607324288,3.056435876023511,2.4879896658466447,3.898290792002058,3.179579863076519,3.0853905577782488,3.7049401463260137,,
CLPS,6.780641345756853,6.458650605145387,6.49499759696191,10.664105112629533,10.302700230768044,6.907475696195498,6.5372360454592755,5.951941512595518,5.912383126591096,6.598937739743126,6.568086892601201,7.197923264040676,,
CNR1,2.596889532940397,2.369107912447392,2.2963639296780887,2.7883351744341276,2.203747161473866,2.1298431631844306,2.576376705945576,2.7040143127009637,2.5903885674488665,2.84056111510648,2.5833826366972215,2.5162736556415823,,
CNTN1,3.0022025778204484,2.7607084327778084,2.2807414929776666,1.8151050213738344,2.4740697126595763,2.4229544528739715,2.8076187657743867,2.193247109601349,2.420185134424709,2.128458862501519,2.4215697936493403,2.4297146687667825,-2.960180405387959,1.0462432156979448e-05
CPA1,4.764980122470046,4.589280364870715,4.612018247308924,7.863023105683762,7.39706235891225,4.415510329181282,4.667445591467212,4.167795741375686,4.314203022287651,4.326314500440831,4.600649306089819,5.065298426371653,3.3442154721374178,3.977011131630622e-05
CPA2,4.332273087350816,4.314501075735868,4.331643839800332,7.020156737705765,9.065603707989073,3.8150160772572326,4.3847382315995596,3.7889127270730207,4.965825566294939,4.296692610732462,4.331958463575575,4.967938375010421,1.1726922025612303,0.2180509187644654
CPB1,2.563696831575861,2.485296633843403,2.401451077491179,2.7665077623715857,2.512267765582415,2.3458633807431215,2.4520600471566354,2.192643573540923,2.232839990264921,2.2376015857553977,2.4267555623239074,2.419725837331759,,
CRHBP,-1.5828185451666128,-1.3103323419007071,-1.6587292217271286,-1.9253721991696995,-2.0890343632419097,-1.3760902165693785,-1.5296091968452286,-1.256827789661584,-1.22914260476991,-1.5069025832176468,-1.5182558900314378,-1.5439195411182949,0.2791124465050878,0.2395856516927712
HAPLN1,2.5195128974723398,2.3183986499302334,1.9675796971642752,3.8054977084795962,4.196048195515632,1.0549190360936662,2.4654232701686523,1.003476515869186,2.141432916202883,1.3524128409063791,2.2299157830665584,2.2776925009881275,0.8938296828255126,0.06638850143871884
CTAG1B,3.713912594155871,3.7513462681722496,4.543532598963421,4.531932955809374,3.871150304313285,3.6911344663191388,4.309274137094605,3.7734377131632515,4.159887293956674,4.4459235850782886,4.015518799134979,4.0733682469237396,,
CTRB1,5.944587652889874,5.79060531636566,5.612064918429717,7.566859322356855,6.3926087589697795,5.780967643381296,5.600966854886192,5.4343471982079405,5.56940175837123,5.466633991400905,5.696516280905507,5.895959972378633,,
CTSE,2.504355288930932,2.2842118336221877,2.1598420966767673,2.4509431533316297,2.963951071676248,1.4760585953961525,2.2689762055767653,1.096246886975885,2.655104189523803,1.1657875733282597,2.2765940195994765,2.1183700831489185,2.071419212603422,6.197590660147072e-05
CYP2E1,-1.743068719935543,-1.6476870787549345,-1.7201868061455856,-1.9720315898849268,-1.9907745602880207,-1.4942185768743024,-1.7399192482601775,-1.5528029754263375,-1.5418587779967827,-1.23907266572281,-1.6839369424502602,-1.6659598128854256,0.5459264548926425,0.07217032370325197
CYP11B2,-5.916939050269678,-6.415416975625921,-6.412392606955407,-5.306419823572965,-5.129056597393185,3.488116109227009,-6.60969600699359,-3.7544404373104805,-6.418077482827352,-6.4865441514977435,-6.164665828612543,-5.011412077439259,-4.802327242557578,0.009384791929828173
DIO3,-2.5755295754960614,-2.4706425814933892,-2.667951599416887,-2.048642753264382,-1.1115307004194142,-2.5260220166147325,-2.5111663353437677,-2.862473337340051,-2.5024360563355015,-2.6890784742965272,-2.51859417597925,-2.4076425096363603,0.6005465610487963,0.13656865303172974
DNASE1L3,-1.5060082525394445,-1.437761695269761,-1.5571519306537858,-1.8368166719357708,-1.6790519459891844,-1.4573507347362313,-1.3301712381142028,-1.2113087201094304,-1.3370276327506128,-1.3709369400183529,-1.4475562150029961,-1.4701038161017976,,
SLC26A3,-1.7193603527151322,-1.4387393964686135,-1.4196426372546176,-1.559708305341957,-1.2961079433416771,-1.3445316362892596,-1.6137081069000219,-1.3556270495517755,-1.6105050289923217,-1.3901058965623017,-1.4291910168616155,-1.470657033661754,1.6945959633612664,0.0003454150129582855
E2F2,1.2065813121299933,1.153275844538174,1.244744117939107,1.3723049544364327,1.3343215030092896,1.0749443071416092,1.2469084051083612,1.011784381918416,1.278250729127101,1.1320694088718286,1.22566271503455,1.2073497890231695,,
ENO2,1.5837020152915942,1.2634770107985047,1.4392166584685209,1.9616668089643983,2.284318789182552,1.2422905599511829,1.3102608846295405,1.0858609785624935,1.4357398741671494,1.165307306516634,1.373000379398345,1.4677128423573558,,
EYA4,3.0690894927305314,2.807729793332597,2.5605771293458854,2.817772321555786,1.5816909592579156,2.615052039381465,3.0471916071701437,1.7336986107168801,2.16209187599065,1.3771549784058115,2.5878145843636755,2.396351217477395,,
FANCD2,1.2850080805626738,1.2584728259344273,1.3180981796210192,1.3856022793675948,1.1808476316418688,1.1918395929102792,1.3183858612869532,1.0819949316403419,1.1755230988654932,1.0907710730976794,1.2251562094223534,1.2283363422136986,,
FCGR3B,2.510332073671344,2.5760780298861863,2.4819268510168966,2.892929452939737,3.0877995002192598,2.298087519916554,2.6418705603675043,1.9020977041109808,2.7335865174693263,2.7822725893465026,2.6089742951268455,2.592359554006467,,
CENPI,1.4202353779071315,1.4006209481521688,1.3875131942941377,1.3765777477299432,1.3308750280643868,1.3871626422271761,1.4117521958455932,1.147076051251201,1.294903602123537,1.0776245438690832,1.3818701949785597,1.3287465024039016,,
GAGE4,4.05947083816913,3.536571455702846,3.6109748099019208,2.2312253500597037,3.9437245644831127,3.8514744522749123,3.9068669989549125,5.669828386982654,3.2538793949895206,2.7935481463468697,3.7312246310884163,3.689889911723091,2.160386110569253,0.018236329608929822
GRIK2,2.9471708461781216,2.929403637839645,2.9194368344684603,1.6425627157419187,1.272917835486216,2.6617212424057604,3.5577350782155945,2.9284774897800117,2.8955759476512988,3.3238021432955955,2.923957162124236,2.7275237211988053,-1.1318457041617902,0.014863534979608788
HGFAC,-2.327458294735691,-2.300131683163365,-2.449066519322285,-2.6011712018726203,-2.0918432184991875,-1.7829767089075979,-2.491415673334203,-1.9494138322985815,-1.9068240661385123,-1.8311053109381092,-2.195987450831276,-2.175217632731039,0.4248943732432785,0.24539388451039912
HPD,-1.7052839200536563,-1.6467855750705502,-1.8216596950754322,-1.9602816674740269,-1.9599652609706417,-1.7092415047116047,-1.7256156383909955,-1.4264754727593774,-1.446653031454784,-1.3939708824839026,-1.7072627123826305,-1.6821086691661455,0.43426169615482363,0.19101596377422872
IAPP,1.9278556845686723,1.7774037562688865,1.6434629019778584,1.2111566790941377,1.1326337832180462,1.5412461870321805,1.8249661635480674,1.4256186423135766,1.0137347553446971,1.16655729459068,1.4834324146728786,1.4680062056936074,-3.8364418941830505,5.805833107684807e-32
IBSP,1.344592172890184,1.5801556751933186,1.3613484580551396,2.5910823246438923,2.989705892079059,1.4733555868103525,1.8385983139913538,1.9475824384512732,1.300379929442735,1.941820563608063,1.7093769945923363,1.8252725772507004,,
KRT12,4.68427722646738,4.23321111717951,4.191242191442455,3.4061675603615376,1.403752972809705,3.9646467905562384,4.646570467631979,3.9775182259684034,5.017249613219918,4.901966164710101,4.2122266543109825,4.058075362241656,-2.3126834608715394,0.007441726701122737
LRP4,1.4983051058001888,1.2961992645475708,1.1845326156102671,1.7236450962487906,1.2366880414601333,1.4958893243403462,1.2319195284392308,1.5676180280463532,1.1332053198786867,1.1552534605437572,1.266443653003852,1.3445181307199252,-0.3747638206518021,0.18912375771791337
MAGEA2,4.2555611272015685,3.8476918523789907,5.082360533048237,3.7458952284180573,3.441342715027443,4.008694649509294,4.202326676809273,5.686391113271526,4.576728781038194,5.078474129278303,4.228943902005421,4.377673700726028,,
MAGEA3,2.9792938319497924,2.931995297603603,3.010776624428671,2.617241507891538,2.0853623381828434,2.9033496334974265,3.1342871692182186,3.6508491924052415,4.148830067432657,3.7166281033447555,2.9950352281892316,3.106695363103998,,
MAGEA4,7.478904344393292,5.746403750029362,6.9926201313677945,5.6104462255606355,5.77804310899472,5.435122336411127,6.3204379319926325,6.070271249244865,6.6298529849342085,5.4342158607122455,5.924157179119792,6.129134100250971,2.1530987609662144,0.05151748061231218
MAGEA6,3.2163455357870454,3.0612264614599782,3.24931888606208,2.6504871453653243,2.247692584373647,3.0111518796461465,3.2111218542664672,4.164937230116834,4.402444378943344,4.152858536717708,3.2137336950267565,3.325574380705939,,
MAGEA8,5.7186187565759035,5.887317024736866,6.369897091561137,5.070038242235413,5.114180764473111,5.711802849548336,6.739399529081648,6.4454603279014,5.97638923852743,6.018325764285611,5.931853131632148,5.907571156414455,,
MAGEA11,4.180206532996931,4.366936454469601,5.185984044200782,2.5265839527149434,1.5232769103963426,3.855385201540633,4.821279117897987,4.007137345320176,5.114020796585662,4.135100616917402,4.157653574957166,3.9885058679997845,1.306114979866458,0.1687761526935712
MAGEA12,4.022779958463043,4.1298967036285985,4.811539787281561,3.0521639732636183,2.4681157377500167,4.039984884296203,4.406967213998218,6.788666675983848,5.783815726520609,5.841382178443035,4.268431958813409,4.510340436222014,,
MAGEB1,5.290110812526798,5.18672510774804,4.898196994457562,2.7063260197035,1.489316302335949,5.277371204607408,5.24846921042453,6.073583052833671,5.034371635898949,5.622162774905841,5.217597159086285,4.731293661320776,2.0896686552714905,0.03148319478207108
MAGEB2,3.8116213407816377,3.6137422654828733,4.001494844798403,3.622071857019828,2.665898121374327,3.7051233509314243,4.1638019633530945,4.474404376798262,4.090474013377019,4.066504889591379,3.9065580927900205,3.8292450105725693,0.9972771253826023,0.2474492557082001
MMP12,1.6146014849640042,1.3964554484704117,1.289414824789457,2.164135980949275,3.2813159504333447,1.2010404803400223,1.3990483506535545,1.0441112463117532,1.6139431751291056,1.0787315696486661,1.397751899561983,1.5891409464774162,-0.7136978003408657,0.08485417770202996
MT1A,-1.0715986150965726,-1.3116492563350175,-1.1744648117768104,-1.3107442590379648,-1.7257743084886805,-1.4138099232115415,-1.2867212555032583,-1.3234339944627094,-1.2887817117816434,-1.1442354395332663,-1.299762985409804,-1.3046342327852063,-0.7932742712051637,0.017812168548699707
MT1B,-4.117748067951052,-4.264373350495615,-4.783321135734091,-6.331146514255848,-7.986887579920904,-3.9448558807298557,-4.566113824918722,-4.8367834035550095,-6.878070019221153,-6.396853190468116,-4.81005226964455,-5.356018657899538,,
MT1L,-1.01410545132069,-1.160408830710749,-1.2423218541190262,-1.1410197334761212,-1.4966505837878141,-1.3877531497174151,-1.1355562540558692,-1.3758162696014764,-1.6567037251076768,-1.3606225905611138,-1.3014722223400699,-1.2974936967998203,,
MYBL2,1.4634037513778704,1.3955038120313836,1.5309463265512055,1.9394265584404988,1.8626114526518445,1.2806268886143093,1.5014739830807708,1.0883678010497373,1.5436571025579946,1.3329187278753787,1.4824388672293205,1.492852297405483,,
MYH3,-1.5570574639150443,-1.6106498205397584,-1.5776023844963951,-1.4352572498859635,-1.412415112123442,-1.5645618142242805,-1.6122256085836353,-1.076965249197225,-1.5678886753763188,-1.6473635618568923,-1.5662252448002998,-1.5116556531817502,-1.1115355849369635,3.189611917360227e-05
MYH4,-2.7702281648290477,-2.842025810352941,-2.818092789493805,-1.7521337544510132,-1.7038226831008472,-2.227334011496503,-2.686193282534088,-3.03459827051371,-2.7839562704905765,-2.516373192804898,-2.728210723681568,-2.5329971776135456,1.0700611771143858,0.15471498454084448
NELL1,7.971490042006816,7.824661016275612,7.779410469741187,3.1622745616378887,3.865289482729233,7.568663463160711,7.9084073944842785,7.1782320132741315,7.071135481338274,5.916034773552119,7.373447738217421,6.692640585128879,-4.761379412344737,0.00024079030966587454
NELL2,1.9841990146372774,1.9958580389506355,1.9057099555671078,1.312594926743157,1.1498092850542727,1.8832133722237483,2.175812124502246,2.2673190192629367,1.8166926659643425,2.004450952612885,1.9449544851021927,1.8582376218746184,-0.37348544646334114,0.213548743184572
OVOL1,-1.2607627502132592,-1.3687002562295492,-1.1769746714150005,-1.472180278929578,-1.0745161875552056,-1.7044084750899169,-1.330357686565982,-2.2596646813466124,-1.456344000346523,-1.939344434153099,-1.412522128288036,-1.4959795954666146,,
PCDH9,2.0321106728812945,1.9606729099027922,1.7215653617041862,1.6516470171228532,1.7805240800313837,1.7749561560245042,2.0042040074870764,1.4569068990845795,1.6057741470466933,1.5654750626439906,1.7482607588643453,1.7547360975266997,-0.8552836790490629,0.00484968034181917
PCSK1,-4.094571254771103,-6.197428861029218,-4.184376969525463,-2.750647902575764,-1.046430990150095,-6.392963913667962,-6.313768963163483,-6.500838306243575,-4.3381442832729,-6.3620352829089155,-5.267786572151059,-4.858999390859958,6.841922500251842,2.4506431032676498e-25
PFKFB4,1.3234587590344122,1.2430160159526562,1.227493985203544,1.4906593187870458,1.4630772828723968,1.2418752607745696,1.2906583564436143,1.1293540958933148,1.3033156728314301,1.1294425899001577,1.2668371861981353,1.2826535021719343,-0.44921546699438053,0.0070463813456825624
PITX2,1.3942089080382492,1.9490858737991512,1.955957384238665,1.8451718992259383,2.1506038741884934,2.7425617436924843,1.39305440590548,3.1920433974964992,1.861225034129352,2.0890138823295823,1.952521629018908,2.0477680029148,1.8424491917607249,0.005185711635353151
PKIA,1.75164897793421,1.6493045061040248,1.764062213771741,2.175869285466406,3.41214600450502,1.573750208871845,1.7294960424158599,1.3510964677474433,1.5655000187659416,1.4002463965570449,1.6894002742599423,1.8238654905817706,,
PRSS1,4.22960533437877,4.039901295317033,3.957787204746817,7.565358068791637,8.025357498684267,4.240433240469637,4.001667891956477,3.8772613981383315,3.564345578781016,4.532218716000147,4.134753314847901,4.742608140192003,1.655155726270089,0.14542762163391168
RAD51,1.1934638790113354,1.1889060672114273,1.2518216585900241,1.4500387196500417,1.3156162355245553,1.0525223094277458,1.3024476470930404,1.073468721642647,1.2674914622322526,1.188753244422058,1.2226427688006798,1.2279247921459826,,
SERPINB4,2.9759872786016177,2.0066083723171473,2.3485416802840327,3.9115042165773284,4.78451230757447,1.7291424014507837,2.0194779384729777,2.0466211860312122,3.450835608943733,2.6904844247721713,2.5195130525281018,2.7712025879594164,,
CCL14,-1.7081435122359312,-1.7030543743910809,-1.7966006738621847,-1.4837209804908278,-1.4563384981788459,-1.807151857579676,-1.6659373777759212,-1.5991598650241383,-1.4761343919264485,-1.5616386008805425,-1.6325486214000298,-1.6264026139768752,0.3341292996162897,0.08881314499874023
SHBG,-1.3863296687192979,-1.3558144384824868,-1.3791438331720487,-1.4613477499450416,-1.497685791336157,-1.427532166512476,-1.416890798989621,-1.3841267356901292,-1.1221071724949163,-1.0098314303841855,-1.3852282022047135,-1.3478216352664611,,
SLC9A3,-3.4013995675542246,-3.520523276562876,-3.3951106565212257,-2.431460710777578,-1.5385999554859189,-3.420057633113738,-3.417824698550534,-3.504883135146337,-3.3229423152170927,-3.5314057325753616,-3.409612133052379,-3.1721654376870245,-1.4397213407853926,0.002483111600395021
SLC12A1,-1.348796299719062,-1.2197089861931216,-1.4109247983945687,-1.6075971048556463,-1.4118367941194476,-1.2337895420421983,-1.2767192051779759,-1.0841467483874783,-1.211448043183941,-1.0519064354545276,-1.2552543736100872,-1.282920757376187,-1.2919289002841536,0.00979921351612541
SOX2,1.5093491447640457,1.3950916813272565,1.3875093944891448,2.7454085444186265,2.6038709200623056,1.7330259707576432,1.415619282848647,1.2812113113530774,1.8717216164642931,1.0832388402352249,1.4624842138063463,1.6807755382296918,,
SPTA1,1.529167512230428,1.395922891042733,1.1799177117310407,1.0194936016408072,1.0105528560301982,1.854580562247134,1.4965805577947349,1.585177417939684,1.3075737073316556,1.7669784300026194,1.446251724418734,1.417472452037252,,
SST,7.494528795249085,7.030883076503684,7.870022712526677,9.779938404024504,8.382925629824948,6.501674460003099,7.6966833745796075,6.013727751105671,8.277266280521546,8.294207336986583,7.783353043553142,7.738655533170777,4.284185244065107,0.002597547299909242
SSX1,3.7490356669704497,3.8729321031894615,3.7980463979665027,2.6949467039728345,1.7840392511810685,3.814916878445706,3.791861118134077,4.1675945116065565,4.339316926693787,4.318334026074634,3.8064816382061046,3.6488641111310174,,
SSX2,6.132255826665328,4.974188675757522,5.259352896148809,4.902744545864907,3.514743564067102,5.004546348074323,5.283255268784695,7.060500144530785,7.278908359038826,6.592655521501162,5.271304082466752,5.570405021172746,1.1292182050827406,0.17181296638237098
SYT1,2.047076118990736,2.2386334400612777,2.041480763495776,1.5590448619410657,1.5326699341168801,2.2019397914484684,2.077654539033089,2.240350790017689,2.229263672133722,2.366467524260796,2.139797165240779,2.0613071455218437,-0.44145632069129653,0.17352759583687558
TPTE,3.6014328750794973,3.4821587530480795,3.4221359024828155,3.3412887223753813,2.519185712020057,3.559829832652514,3.7628200430757923,3.5599344425837542,3.596906198568527,3.579726034216937,3.559882137618134,3.453209150338317,,
TSPY1,4.989459861001204,4.487476500511885,5.412275184817851,5.169251106228081,4.948006521332313,4.845658662121342,5.730488987320255,4.706665147464369,5.2944406476703145,4.811875293945601,4.968733191166758,5.033121009416361,,
TTK,1.4663821442899831,1.405486295836986,1.437345571797003,1.5858013191568583,1.5035297311521483,1.286525390696636,1.4480668998601178,1.0859121213833176,1.3333704901395689,1.141086125974326,1.4214159338169945,1.3740838203730854,,
TUBA3C,4.889639000428928,4.105826278347888,4.192507800368227,5.4127677492640185,4.570451125351408,3.887223587784088,5.152187707860814,5.0664700125431406,5.294811314680391,4.416487078109531,4.730045062890168,4.701674247057146,0.9261049908401113,0.1754050761196333
UCHL1,1.9763417528792877,1.8058134687603828,1.6615421072740755,4.480306370263078,5.039173248360263,1.6417623922562081,1.977705407378775,1.3614089406556933,1.8454051560650169,1.4841723930611948,1.8256093124126997,2.2817491408515154,-0.622845508822634,0.09906303997722203
ZNF43,1.2292953700115898,1.2641976895142808,1.2501175971270075,1.1729359765352656,1.0649450038059896,1.1250257280857876,1.3492921438281866,1.07268399520618,1.0702112714041174,1.1745188909013644,1.173727433718315,1.176995554558008,,
MKRN3,1.974789294241499,2.0381358450608986,1.9060946703242554,1.820567541843433,1.1040803416184035,2.073451349347986,2.0346397678646464,2.2939265523897103,1.9228627999522712,2.073316723104346,2.0047145310530725,1.931507219709138,,
ZNF208,2.508870695858076,2.5816986824022594,2.3365071891872318,2.8126620227492016,2.4767773895286775,2.451271985161422,2.386465460339177,2.5224579696451737,2.351891212668694,2.6974865616819423,2.4928240426933765,2.510810291992294,-0.40326934081837595,0.21106420614445162
ZNF215,1.9673681808355499,1.734216040050467,1.7108818947600295,1.8916938100613159,1.7585559743171038,1.5012891738726633,1.7784371262635044,1.3912664336583662,1.661241051069734,1.4430154931416264,1.722548967405248,1.6873194677668735,,
TUSC3,1.838776857842271,1.6682659011629284,1.5959569681056878,2.0151973545284627,1.6370317997570218,1.5613668316137161,1.747124393948471,1.426460742096368,1.7148078588607267,1.4764711727930502,1.652648850459975,1.6667371573789709,-0.9324504576099747,0.0007960131805336082
CDC45,1.1944160112048907,1.1963252437925298,1.244835193284144,1.4108859445767163,1.2845826946046357,1.1122149790653217,1.3060421371206747,1.0928387465892837,1.2632306015460888,1.1483580191866296,1.2205802185383368,1.2249372535917502,,
RAD54L,1.5163658440038708,1.4813161304062754,1.5588987467379178,1.7763272294456443,1.5830315725416477,1.3775180769627908,1.6129827770575715,1.3226147945655018,1.5819519615385644,1.4293982283432778,1.5376322953708943,1.525276150633996,,
FCN3,-1.5109068051461731,-1.4504151445296423,-1.6429409370010986,-1.8911037512090703,-1.5691497882547145,-1.6287985505549143,-1.4579051420860465,-1.46115350323784,-1.227368674960252,-1.5815597390994787,-1.5400282967004437,-1.5419391211617886,0.41476997322359366,0.09374812342248763
PAGE1,2.6688936524860796,2.442575368284202,3.895724274077426,3.535584217089108,2.8338129470395996,2.064229763623286,3.9367509790351614,2.393512629354218,3.455317975280383,3.56420156320218,3.144565461159991,3.085015348239239,1.2246408025907791,0.21089532458965227
ADAM23,2.1177520358436923,1.9172658428527238,1.9105780655001299,1.6147237961832863,1.5925650516764185,1.8974669557641846,1.7766224142113525,1.9092097937615577,1.7053289679818033,1.453517329977059,1.8370446849877684,1.793824994430907,,
FGF17,1.9293814298542715,1.6651730653483188,1.954352776681692,2.5029975422556134,2.025872621777358,1.6164316330052664,1.829925994314472,1.6186817588524758,1.9566936549504097,1.9646719281302216,1.9418671032679817,1.909640864403462,,
CACNA1I,-2.0788811453525637,-2.1132441860562903,-2.120526795001908,-1.1849264012296656,-1.3907484788342717,-2.178712877270083,-2.110065988448118,-1.9410898379761243,-1.3508300513071119,-2.4509650027162793,-2.0944735669003407,-1.9104058482811601,,
FOXH1,3.129943740820514,3.0044039898509713,3.0698873870855587,3.257273754681809,3.0053953243374925,2.584661521194997,3.1365491901845264,2.5400370373696965,3.0393527609682307,3.005613108498126,3.022482934733178,2.981418249975009,1.3451207177640567,9.669767173418482e-05
VCY,3.950765626499583,2.676988630200473,4.9511462410738725,5.1524839864109175,3.0494895115578116,2.42335693353794,4.158173059126682,2.878006233102332,4.42847128133073,3.601375585944348,3.7760706062219658,3.7314843359096956,4.320283012660539,0.0002091246513712264
TBX18,2.3954804596360733,2.070441967295668,2.1925256497558063,1.948498232457464,1.7491089442195977,1.8512713364770648,2.1992930524953027,1.5651965237566898,1.9638836766390644,1.709180387834293,1.9561909545482643,1.9637337441013905,-0.7475012057894598,0.04724237410205547
MSC,1.7933612487926345,1.599056848940232,1.7857060372544826,2.0966569729194195,2.6447673480216083,1.7642724607723945,1.6453101681716962,1.5442465451913654,1.5186649395553289,1.2815330274698968,1.7047913144720455,1.7616697192328277,1.003484642115986,0.001406870013544758
GPR50,-3.3427506322210756,-3.556223632224245,-4.644869220807063,-6.267651807027152,-6.185249565456537,-3.6163631987384233,-3.779040869246969,-5.1959274865085625,-5.970075632810295,-5.942506924230432,-4.920398353657813,-4.856459756629869,5.237777490604605,3.8354243213309266e-05
CPNE6,3.2299954342252937,3.1004598448390466,2.79994661761795,2.2605873962920806,3.349100580512426,2.914346500203285,3.1223817985271958,2.2315453775981986,1.9595477201509819,2.6513462573606574,2.8571465589106175,2.770582189657976,1.9940491281526496,0.0003686688482230938
ECEL1,-4.754051583878482,-4.826069972451615,-4.596717817824946,-4.845100087265568,-2.4937005350643204,-4.975956883583269,-4.708816042135546,-5.157944790139063,-4.728918053448203,-5.014379182394855,-4.790060778165048,-4.626519611486447,-0.9468768343016435,0.1528962110135514
XAGE1D,3.884518334840613,3.968492803591888,4.334156539555951,3.277944256143948,2.474185135894445,3.750362023529746,4.327195068427807,4.243583429539089,4.654521253229581,4.178817606776023,4.073655205183956,3.924311968792095,,
GABBR2,-1.6650429694834397,-1.7477730320967297,-1.6263571888674186,-1.9986397790231842,-1.8303546225707337,-1.1557260020151194,-1.6523920334420048,-1.9708847425225346,-1.431939788223914,-1.4362874324207908,-1.6587175014627222,-1.6521922811025993,,
SEMA3E,2.9781604544047635,3.0791007316718595,2.984161341410001,2.6440752131772713,3.288940569935432,2.887002660870768,3.145207948347205,2.8086493153678167,2.9715762005400546,2.6463946876442446,2.974868327472409,2.9461943137128936,-0.701771534157576,0.18294432018848375
KBTBD11,-1.6187811267083654,-1.426653012575648,-1.6645049535199876,-1.7409009876758716,-1.7280826184919447,-1.538421402501538,-1.5483435657998585,-1.4894363372327797,-1.567582523119294,-1.599170703456037,-1.5833766132876654,-1.5913867131244535,,
MAGEC1,3.652600218372135,3.371271238722805,3.1950453882674807,2.633498086684327,1.912982830616834,3.6013283036797916,3.6061847301421452,4.097620267750696,3.476893085751285,3.20397038761647,3.4240821622370454,3.2886796999855465,,
FGF19,3.2946415402500295,3.276997836390297,3.3203962797502515,-1.5201664347264103,-2.325874555554913,3.0201430187129557,3.2776546299171527,2.8719553768817567,2.74853492180955,3.2548663728202203,3.137504695766588,2.214241243819771,2.2867601365349985,3.897639870297117e-05
CHST4,3.3483886304610015,3.222481055525553,3.3185879659083897,3.1943824607093934,2.8660434277455717,3.4905585072747254,3.3560487435051134,1.8803206509807386,2.5607097809777724,1.8856186097131282,3.2084317581174733,2.9392337809926232,,
SSX3,4.725166413496494,4.363633957136878,4.291448184253968,4.249588012545378,3.1565906689932954,4.355633027237013,5.2352490880696445,5.369804503583548,5.717514872888975,5.739570713024521,4.544400185316686,4.704418147867854,,
MSLN,2.2565248217352885,1.9771488754604896,1.7562594973380297,1.9855955395293954,3.0146853192081124,-1.1569490670284195,2.0893780266453055,-1.508564710777417,1.7318129976013024,-1.0557041832239376,1.8667041863992595,1.1778992093534006,1.6450342100820556,0.00491116438100679
CLEC4M,-2.60463390464591,-2.191956523266292,-2.729427757454447,-3.6509318298003275,-3.1553289768039887,-2.3235797491897214,-2.5925119803051038,-2.2093474157450523,-1.240533818095329,-3.284548661465904,-2.598572942475507,-2.5983066872043263,,
OLFM4,4.3735252658997235,4.260241962690357,4.117644045653004,5.9580123851287095,6.272468425101453,3.9429332918081834,4.149141463999361,3.5920468559881518,4.279558363064981,4.18479419389541,4.222518078292884,4.486625848320201,3.6997723763525214,1.737018855583305e-08
COLEC10,-1.7250899949819025,-1.5601034313878013,-1.9065976271446077,-2.1481254977339472,-1.8213473115917844,-1.5178336925954126,-1.6579714786853725,-1.4157418199375984,-1.1336098081105883,-1.3253624078607114,-1.609037455036587,-1.6200745931878464,0.3723607936113674,0.11583868573905821
IGF2BP3,1.8314441429024118,1.7529951956682175,1.830703641026396,1.9686351476084645,2.037834634061933,1.7330563506994,1.6094094466275508,1.4671431998119613,1.5640527057157871,1.666953280319832,1.7430257731838088,1.7459321379659782,,
POLQ,1.4174467155376145,1.379332139189375,1.3643579287157572,1.367645788319484,1.2890190419471872,1.3228264440758248,1.4365426649235624,1.1741829550410094,1.2704256575896993,1.139860859720336,1.343592186395791,1.3186574892232399,,
PLK4,1.25576125057616,1.2528199576996926,1.231288344321578,1.2149953973023928,1.1669645569720843,1.1780783613712602,1.3209354639467044,1.0487791252511671,1.112524432443775,1.0460549235381198,1.1965368793368265,1.1840671538872511,,
NPFFR2,3.425846539057924,3.286536815665055,3.451373864786553,3.148171164049062,2.3452169697625598,3.1156299950545647,3.51098451749553,3.681903603546979,3.5654247788485383,3.8482105766108887,3.4386102019222387,3.3470826387999897,,
RBPJL,5.1973919651239315,4.9598945872405755,5.136370910405103,10.304975308382382,10.812363230092243,3.6365395402457006,5.122940233963103,2.6436626008786206,5.301576986569852,5.76837688601827,5.166881437764517,5.822815789698573,5.496282961475091,0.00020677696410776036
OIP5,1.2657476362433682,1.228571464322398,1.3172020096376456,1.2976978953239424,1.096543685984555,1.085809973735916,1.3264815407154107,1.0873136486567103,1.2166402944867816,1.2031829227428983,1.2226058794045898,1.213436086477656,,
KIF4A,1.4238251686965337,1.380116868830351,1.411452673469888,1.4835495813135824,1.3926950694283302,1.2818543802712172,1.435721700623893,1.1375675130807001,1.375280945635374,1.1888270040831788,1.3864059691293407,1.354299715869308,,
PTPN20B,1.4757213489409646,1.5521152653645567,1.4397496196069222,1.1190302677165638,1.059822441519805,1.2725018857078771,1.454479643697886,1.087587317229521,1.0870833093426457,1.094467513762768,1.1957660767122205,1.258029517236521,,
MYEOV,2.232910855986377,2.133635711481788,2.1168045576923515,2.9240786590020584,3.036534383287689,1.9510381585673862,2.1564875955998244,1.7469924455425725,2.1956302224058852,2.237765932205059,2.1760589090028546,2.264357948252168,0.9757998610076722,0.03251731364578043
HAVCR1,2.3431101776268415,2.1052038381773333,2.1083067616870834,4.043394558902721,4.164369267840519,1.8525849943950694,2.3629345481600224,1.3958831886871172,1.723033644942725,1.4437982745648377,2.1067552999322086,2.3317613231742254,-0.6744636475520146,0.1756347497552511
B3GAT1,-2.471240157951124,-2.612268152813835,-2.490345465514372,-2.1151993593694756,-1.3850875313515296,-2.3964204042376203,-2.539218761094894,-3.0727610643762304,-2.215785346880052,-2.840073178941382,-2.480792811732748,-2.4199265667512053,-0.5338736676258857,0.1639014003946359
SMC1B,1.7008798220876198,1.6016561353116094,1.754865739518026,1.5644690856973151,1.2295688590733196,1.5577503065646012,1.804673355653318,1.4977742444887518,1.3597003321412353,1.5530254164258055,1.5611096961309583,1.5623157266447782,0.460282207403914,0.22712830635843798
TINAG,1.5521231527667678,1.4846565116442474,1.522799687261343,1.8800686951738919,1.5816903388799328,1.4031937569517796,1.4445531507709843,1.3443293232399096,1.757957804836241,1.5850639150475359,1.5374614200140555,1.5539907051442443,,
SLCO1B3,-1.2338251058191505,-1.0699897730777592,-1.1528371356939338,-1.9142365311202587,-1.6996212784183709,-1.0935922569781,-1.112975820296685,-1.0035123941379307,-1.0287211292396579,-1.4491003947532046,-1.1329064779953093,-1.2628471179573053,,
SLC25A24,1.440183083256765,1.4381305111193834,1.3747236787444552,1.2766153712367305,1.436566652412097,1.2977117709152057,1.4969062594785005,1.0429410645532713,1.2018291635594887,1.0097800981569927,1.3362177248298304,1.304691398023884,,
CTAG2,3.4710779518906407,3.4714088965889376,4.131897451851867,3.6629476838725106,2.8684731812406863,3.3958521198993177,3.831509894148933,3.5953629847572346,3.7722659902003355,3.7119730094809538,3.6291553343148726,3.5947204089314813,,
CUZD1,1.9240559028922721,1.8404623986056998,1.8746444727060803,3.9557388221913867,4.38106736546094,1.7341952736672963,1.851039380664523,1.446905899001415,1.8711818800339708,1.2571313772154489,1.8611106303492468,2.1815939457080256,,
YBX2,1.2561369754164593,1.1971435578788714,1.2683301369309212,1.1450419204684077,1.0588929162247662,1.1550500558886927,1.231676294402251,1.221075020716594,1.300840335653252,1.3088505282144574,1.2263756575594225,1.2154012181230995,0.524975559101882,0.12240911356978224
CLDN18,2.8918903648595613,2.113080310052267,2.057709301736126,3.1142289518803232,3.813327740275749,1.7730365139641135,2.7074002078837527,1.7401532101025525,2.584761537994182,1.8531415677344112,2.3489209240232247,2.4543318755005696,,
FAM178B,2.9869677572588764,3.336973822148707,3.1936625658207642,3.389521542195659,4.166974830072539,2.9848450839949296,3.3615168845232635,2.8938654421946315,4.069839413921811,3.9093384543945913,3.349245353335985,3.42206828635107,,
TFDP3,4.4312829881525255,4.434719699575943,4.423249687851983,3.0588577824137344,2.5081692052242825,4.313938340902728,4.612912132286767,4.516742632026938,3.9395291753991297,4.351387396524664,4.387318542188323,4.088918871140638,,
KCNK9,2.406104754990434,2.621319902995207,2.7422971528996953,2.261102341855568,2.483476178122692,2.244220676760686,2.6649530223540427,2.261963226626363,3.2422572455160488,2.8646350929911235,2.5523980405589493,2.5767934214246195,,
MAGEC2,3.058558864365077,2.933738341116126,2.8707231326696236,3.2562744662536214,2.3054551205756417,3.121782943892683,3.016851674402601,3.473376424528914,3.0899543039124735,2.9554375501488996,3.0377052693838387,3.0108961901135913,1.2256696421106934,0.06675678981542028
VCX3A,4.182530194567007,3.788046864818158,4.568293075045773,4.933295799078363,4.2715822667447325,3.489463441732045,4.618665463576605,3.6784928738248786,4.72344172264616,4.419592948087531,4.345587607416132,4.274453841594307,,
PADI3,-1.6275278371481678,-1.6748576047821355,-1.656587201003248,-2.6165554507699107,-2.3098690890245437,-1.4017177397274558,-1.7230807269642257,-1.9965413615455878,-2.5550877117894046,-2.067787357558576,-1.8598110442549067,-1.9535839204152874,1.411209012162802,0.0866687434523909
IL20RB,1.8927648661095313,1.9325934061439662,1.9706705635826935,1.153876828419278,1.0997212130475846,1.6710263416790085,2.2407476349231907,1.9045117617924054,1.9106790851825097,2.487364730695817,1.9075954234874577,1.8337774413694041,-1.3852422201989691,1.6352272496174399e-06
TREM1,2.016499284522035,1.862985509499681,1.648732376981848,1.1452300800604367,1.7307985812542388,2.0758678646101143,1.9457147237914063,1.5843198020688403,1.795826634353665,1.593969688920813,1.763312607803952,1.7421142867151844,-0.5532076076017219,0.10124117054476058
KRT20,4.425337342278848,3.3059352124677055,3.0777954533787972,2.6270180027184575,2.0425945929582614,3.20441569547563,4.291298505651259,3.34264447676696,4.09151869728915,2.695428959298805,3.2551754539716677,3.3053783992959582,-3.4089968056539046,8.009434358324393e-06
UGT1A10,2.323938495894324,2.4010032150182306,2.1485943055645125,2.839201745970341,3.8179358060208366,2.2422531255003313,2.239712120703072,1.950850911059822,2.2060919653882154,1.5357705815560472,2.2409826231017016,2.3587577177979484,1.0683499630411175,0.09398531582392257
LY6K,2.769028668829651,2.4049475272327694,3.328045302482774,4.287057062232976,4.0736621211521165,2.2073986752239496,3.383557682081286,2.08485612389689,2.889389582940339,2.658553182915525,2.829209125884995,2.9923368231702976,-0.6496392787760208,0.05944502711402401
SOHLH2,4.120025710139098,4.053636330490688,3.4713434255103937,3.7042016687242967,4.947334240659848,3.887496164492853,4.030161994868905,3.9043565900245474,5.579290365807901,3.8767572192512874,3.9672592924467263,4.1401693638560495,,
CXorf48,4.3076643692891965,2.8601210624550397,3.200799870342696,5.099062874750758,5.402292625181547,2.6268984433809686,4.431382193366615,4.021233162362047,4.11925752570808,2.907379022231266,4.070245344035063,3.9133033175548437,,
SLC6A15,2.6667030432208145,2.295391425865539,2.530657546140762,4.83869374701305,5.260729809529222,2.279505653450705,2.4114835457723,1.701880078021666,2.548853225931087,1.8040416413284512,2.4710705459565308,2.8008191147481933,-1.8141284170945848,0.03975810134998047
CDCA8,1.232439703673796,1.2000291955951414,1.2386310089226134,1.28900115397082,1.2169859813969774,1.154842765191573,1.2377413536980864,1.0235781541500655,1.1403017452447999,1.0509166513079442,1.2085075884960594,1.1811795728770795,,
NEIL3,1.4990597076001246,1.4497035550700996,1.3788652870184541,1.6196934149393691,1.4586910213284268,1.3634062849715913,1.4736183145542583,1.1462612486861674,1.4312462583905572,1.162273579582366,1.4404749067303284,1.402117598079249,,
MCM10,1.4399758276125318,1.4049710809365985,1.426977611404975,1.6914714403306204,1.4734828430400702,1.33032096745643,1.4836062405631079,1.235286063093515,1.445602366255096,1.2915911007727428,1.4334767195087534,1.4233420237249492,,
STAB2,-2.070114962542842,-1.7799829533928693,-2.1149769362781186,-2.4734054711844804,-1.969656221951235,-1.867540602421424,-1.9360655863241343,-1.7903532712350094,-1.1111430209158175,-1.562533549238479,-1.901803094372779,-1.8706886972597445,0.5834627182448714,0.08383370246996057
DEPDC1,1.6052621526845938,1.5774702156501428,1.5862721946933387,1.4765885038327686,1.358344212651083,1.5028169199488448,1.6178976471737678,1.302021352687383,1.4791522392312484,1.313156888190517,1.4909845795900467,1.482724264212158,,
NLRP2,1.9720730561037771,2.338900016286649,2.7079684329938107,2.2144041480053325,2.8865781307549674,2.140068677197924,2.8521301543263666,1.931148488922989,2.1320446499138273,2.0523976088920306,2.177236412601628,2.309540888727209,-1.0675278586769443,0.002550108837892092
PRR11,1.422927492315789,1.4075291431799342,1.3523129513480365,1.2828510083717886,1.3542590287559046,1.4357967033745263,1.3676054113364493,1.2080769560949436,1.1418097053023026,1.071331933406687,1.3532859900519707,1.308889665776212,,
NXF2,4.650944863880571,4.435475038186712,6.593487656452512,4.454030762624729,3.4797087674312652,4.1314515814333985,6.681559524062961,5.20629697681117,5.627316231513514,5.919085191942997,4.92862092034587,5.10072522860779,,
PCDHB3,1.6504021700890747,1.5232594724929516,1.5035677744027647,1.2604206215016085,1.1071729775439874,1.5265804730506563,1.594458853494015,1.3483992933890514,1.2973217740204317,1.3722253405850864,1.4378965574939255,1.4201550280057773,,
TEX11,2.8559250275126904,2.8001417236366244,2.730612481554937,1.820114254556644,1.9486154086444643,2.639283908400547,2.8254984994081873,2.9628662029429425,2.9091358473618087,2.953746526498867,2.812820111522406,2.659887272003647,-1.7834694631757095,0.0006853791171198935
RNF17,5.407505258021128,4.821340331199841,4.937155826942273,4.503017303902205,3.2953844139128408,4.817261559594766,5.384346423954419,6.195520297782808,4.856761493198046,4.256572761186308,4.839050912198943,4.846719689263052,2.174684274845164,0.020274837967224367
FSTL5,3.5372817418122264,3.279122243533482,3.036757299747552,2.376593677822062,1.5764764943887042,3.191922175426745,3.4255532140510323,3.600464286049572,3.577222170649376,3.1704985799958947,3.2355222094801137,3.0915830993597053,-0.7802565310885877,0.19546547288155397
LGALS14,3.2371313541869053,3.0186544587914237,2.9988716983775716,5.907719073731538,6.9957316183532265,2.5722917463696175,3.085851214825572,2.153327370888275,2.6975294855219545,2.482370333307476,3.0087630785844977,3.4689310393580057,,
AGPAT4,1.2602721800487942,1.2221466187804761,1.268884204364844,1.0305281434174411,1.1685215054612559,1.160219535165695,1.3009388712231376,1.1317946799225478,1.1394346604949952,1.1987663642839552,1.1836439348726056,1.1877409725487045,,
KIF15,1.5352400531358972,1.4502355882646778,1.4845619915403776,1.5265607043546703,1.3071761055120232,1.3838071081155925,1.4908281089701434,1.180415024820959,1.2657576808038258,1.1311359139835626,1.417021348190135,1.379339966153806,,
ZNF695,2.2386525648223157,2.101753097961844,2.3170775011685496,2.49370816522422,2.2811023111440605,1.888074417853472,2.272916910535802,1.6189980405222968,2.0145972614437655,1.8446247430927283,2.17020283139208,2.112882531378285,,
NLGN4X,2.2372865040358665,2.3362979284751706,2.436642920915759,1.6987761618271682,1.2103943146321503,2.3181672367101083,2.4445447427318108,2.715697081399216,2.1936964115448085,2.6162574645174623,2.3272325825926394,2.230453940852924,-0.7459785966536304,0.018940549126250497
CARNS1,-1.4289884672119788,-1.3600576185261832,-1.3738480660401111,-1.3379150340748769,-1.1044297195796802,-1.315346618543945,-1.4049985641435123,-1.645344612854642,-1.3454351224893315,-1.4020190886264414,-1.3669528422831472,-1.3713941594885315,0.70225263021164,0.00391885973778437
KIAA1524,1.434349077428382,1.4263375662201727,1.4049316775271263,1.569768370931605,1.5709692513887048,1.3753294024663643,1.4418768327754397,1.1433481270368455,1.307987948477472,1.1426521295887881,1.4156346218736495,1.3848350005195047,,
HAMP,-1.269420904764489,-3.3898692798760313,-3.4112992309689343,-2.397594610221675,-1.8608284178201366,-3.182595166828619,-3.1947512550426516,-1.4186795649858908,-1.7948326449585574,-2.3704954333075468,-2.384045021764611,-2.4249465027762858,1.625963911021712,6.296437433717582e-05
CLSPN,1.39805331354167,1.4132694725373343,1.3686305967511576,1.3692881602058375,1.4419911831149739,1.4431120166345894,1.4602965197178923,1.1659100441763874,1.3278991521770689,1.0806307070998793,1.3836707368737537,1.3502501729845948,,
CHST8,-3.692060401116584,-4.3218387771825375,-3.7178537828422775,-2.0587279347035548,-1.551998851958432,-4.471325141259494,-4.365507220479315,-4.656178020804665,-3.464391110778983,-4.282658360420827,-4.0002560716315525,-3.6893450611980203,,
TSPY2,3.7931777905572277,3.3771710477007097,5.877213656784733,5.925532236612262,6.395374503116054,3.0230875869507203,6.126887656667463,2.702343978526169,4.630771844642746,4.293833813248186,4.462302828945466,4.600699722159248,2.994636586486248,0.030383531825633112
PDIA2,3.2766621508704383,3.2522105055633492,3.1500882757221422,3.082079961238389,2.250348656508219,2.5275591032433518,3.3087595951505278,2.694325361425907,2.825171660516765,2.7500827156027725,2.9536258108775773,2.9155376178835852,-0.7984764262843457,0.12004998922089173
C1orf135,1.2965099356339598,1.2606007255869134,1.3546353158582856,1.5312588086324295,1.4001518674477826,1.1753778523812926,1.3425750933071785,1.1006332736102333,1.3622751955294992,1.1601913846781922,1.319542514470569,1.300341087921485,,
SHCBP1,1.624336841811505,1.587471281299714,1.5485344135337111,1.7321325706620931,1.681596925687838,1.4336659056758976,1.6610649212004829,1.1971074076292159,1.5425885677735947,1.2103162347141159,1.5680028474167127,1.5260743561277166,,
POF1B,1.9074708827955669,1.7163789783746233,1.8064650722207987,2.0594756574686426,1.853884960956412,1.6097067764710686,1.7369549630925911,1.2655922852997616,1.6432343405049985,1.454128059420315,1.726666970733607,1.7072689952125806,-0.9231583764716059,0.01448865928364753
TUBA4B,1.5508297926648666,1.5279454797769838,1.5421709306036764,1.5388969774985706,1.2319717204131826,1.331231062501176,1.533593937044159,1.3240800965509638,1.8251013456679888,1.8156016869404108,1.5362454572713649,1.5234244079030312,-0.6480809781910098,0.027239311220147815
ULBP2,2.1282794924049036,1.9079015601226375,2.1078554722764253,2.0288741828718306,2.001700734695707,1.819078931512208,2.086374333177409,1.5637781804332511,1.784764875181415,1.7616159907385383,1.9548011474091722,1.9222749909839543,-0.4457702538861444,0.10496629461381317
REG4,2.8030639743439894,2.7054761791628743,2.7677725555067982,3.5603324711755064,3.4392534192775273,2.3930674607904305,2.7637710238141846,2.0927056137206077,2.4416180901631748,2.2982788966127186,2.7346236014885292,2.7272693896414855,,
KIRREL2,3.2274182987788307,2.961293949505355,3.0674774389313098,6.926901384013936,7.234370353456823,2.889249371181878,3.055349923631572,2.4644472582401775,2.854012154622627,3.0901618146137926,3.061413681281441,3.7120086934779777,2.23963116275719,0.00016836290662871562
C15orf48,1.1485795020581293,1.1070607320300285,1.33014902921477,1.1192954358445917,1.1710574330792538,1.2855251459170516,1.1837197060443454,1.03199160203935,1.3506883995038894,1.4285979133125464,1.1773885695617996,1.2121866789641595,-0.942418204316088,0.0029120230663788973
DSCR8,3.967584579470397,4.013291117245794,4.253147537512807,4.976712982747809,3.2199274410246144,3.8263828088651883,4.512408604167293,4.760511344514215,6.274026188396461,6.3262426749807625,4.38277807084005,4.592092122705944,,
MYO18B,2.853197726216882,2.806605734064178,2.9673017747585564,2.3038668114430765,2.246290510830503,2.7969727188623965,3.0062193038025833,2.7471559752031323,3.0134013772784085,3.0011829185223338,2.82990173014053,2.77928150737478,-1.1764260814572274,0.021807544308781724
CBX2,1.197272377015183,1.1160485156363817,1.1683344839741245,1.4454932582214224,1.3841393666854438,1.0688919731787905,1.1840301647022415,1.033979126421598,1.1575665961983093,1.085783586015168,1.162950540086217,1.1822263625577163,,
NAA11,4.830688743915937,4.553957169593655,4.654905131239984,5.281207117797429,4.306596316311668,4.4584360542326555,4.9456021222764655,4.656016535696962,5.372079103775312,4.42515223478567,4.655460833468473,4.740009214826747,,
FCRLA,1.7480266566300378,1.790955528167821,1.8786480492731832,1.966708701985597,2.216603581290512,1.6693366976094473,1.80077306443741,1.4039256180974171,1.8918093744516464,2.1513554623568907,1.8397105568552967,1.850713935559569,,
CNTNAP4,2.9577025283861227,2.9219365305366445,2.6174365840869416,2.453749650719895,1.7546639640026178,2.78296185541721,3.008901104190261,3.0893938766990856,3.086304648020015,3.250430697516909,2.9398195294613836,2.8057546335488257,,
KCNK17,-2.098220121430727,-2.0203133138561187,-2.1986371009419114,-1.6404154829071458,-1.640246806575158,-2.203109004614451,-2.0859344987338235,-1.3349670547688768,-1.9803753781731404,-1.9775663583828806,-2.0003443460146295,-1.9254663151271691,-1.038128645271285,0.0008120309313202635
AQP10,1.5873336355068361,1.6073183484309226,1.2375877240990896,2.077932460143893,2.520874025204227,1.5050069433291489,1.702643008854321,1.0042526646021523,1.5164450597667423,1.2279345833951087,1.5518893476367892,1.5944743455426573,-1.3722495101777616,0.012224999544876014
IGFN1,-3.73850634171972,-3.477437103901616,-3.2761309016099758,4.293244119057255,5.021887519808334,-3.4994209202980424,-3.270607098533435,-3.1493670576263706,-3.2930590554529626,-3.773929063600178,-3.2845949785314694,-1.9498109893098345,1.787945877717545,0.0006043080010272387
DAPL1,-3.1764321140901046,-3.1953474146234107,-3.1551748229178154,2.065683055986098,4.400648895798529,-1.6630205063796752,-3.1874258011130165,-3.6420852655650955,-3.2503403526722643,-3.817253253626279,-3.181928957601561,-1.9820615033458724,1.7160452535851318,0.03197926968074414
CAPN13,-2.5149966413269254,-2.4991573449118527,-2.4278174704525566,-1.9717430858631002,-2.1069854077280867,-2.5946239513138494,-2.3953608973145912,-3.158549313837129,-2.554152847072905,-2.611436891200377,-2.507076993119389,-2.4856273494673418,,
ZNF257,2.2911422594877506,2.2632831667189333,2.267073579425278,2.1327634666723756,1.7805897233832977,2.19629124829825,2.3635117493357876,2.152185106545637,2.0529795106701814,2.1741796961526636,2.1852354722254566,2.169021361719601,,
TMEM132B,2.2423466979444022,2.0518652989580497,2.0962516656065207,1.5284127227415172,2.091286161742762,2.0837847845889863,1.978101839192545,2.142100923071294,1.8792725899086486,1.2961628461559762,2.067825041773518,1.9506736883349292,,
PNMA5,6.46353008907099,6.698494351656469,6.538119487622394,5.410414864455014,3.517987233909162,6.950956503819343,6.614691957387817,7.516379029315949,6.414866854650946,6.576366715235267,6.55724310142883,6.29627728986838,2.0040533943984338,0.0013240833785201464
SLC26A9,-1.1349754682708606,-1.4622493351318602,-1.1509542421279773,2.394211079847879,3.5547494833292776,-1.6384434887481596,-1.4755851568645182,-2.2419160956551734,-1.0340591055598691,-1.4452541155067238,-1.2981041788173506,-0.6302346021368487,0.4626854822300599,0.2219128489131422
MUCL1,5.379329983186212,-3.490315578517223,4.69215045716673,6.322038366391878,5.938200341960644,-3.7534297296668613,-3.1454457973715897,-3.4214674021504066,3.02848508498523,-3.4544882590512547,-0.05848035619317993,0.730597919158198,5.774849513526338,2.44418561927814e-09
GTSF1,3.247193044349683,3.3314211599666925,3.747570925804361,3.235083958289734,2.8962519104336897,3.154423254275779,3.972716590556763,3.999562988208696,3.7893799026753676,4.356061739568828,3.539496042885527,3.569923774274102,,
TDRD9,3.122244932058931,3.0694378119833896,2.9917966253643495,3.3530152244094085,4.011423752889317,2.748048668381974,3.168246728016574,2.449644842428377,2.372358152923471,2.2540063895817997,3.0306172186738696,2.9609854860646787,2.3616711754426896,2.808864120428633e-08
ANKRD26P1,3.7540090571796605,3.0152540352247517,4.137526355466312,4.782948056833339,4.366693028187927,3.9378771730752673,3.6473844943470572,6.6666902929962895,3.518448690970096,5.884719914705973,4.037701764270789,4.340841169387042,1.7525750499719803,0.07837199820124835
REG3G,4.741809828465514,4.265728308078481,4.2916346485961405,11.49921986711238,11.05635524755862,4.125025145266067,4.376987673581371,4.3909651971633625,3.353007637317036,3.310112174657337,4.334311161088756,5.431377898989551,,
LYPD6B,2.4000649992169505,2.4041883435090456,2.470152858884875,1.4228368738561592,2.1917168413315324,2.072996589606172,2.4860112915136954,1.3502891245179587,2.1955519014444027,2.1454773098305697,2.193634371387968,2.1211745913726663,,
ZPLD1,3.827410590047623,3.858742261628356,3.7078044700199335,4.103816115106114,4.724000606025166,3.9049852000477916,3.9888511366237878,2.821630523362596,3.359036195186428,3.1577939234519508,3.8430764258379897,3.754286131576158,-2.962535208203018,7.2018497250892026e-09
TRAM1L1,1.5724284153099635,1.5237609740800961,1.4996328105285324,1.5223628108192628,1.3187734845233852,1.4242201635924576,1.6036241141295084,1.3070525822265846,1.1405058145695128,1.273285389291286,1.461926487060495,1.4225066405573712,,
HEATR7B2,2.5749926989194027,1.845449131083158,2.3349308213996025,4.139748145244426,4.148449471719731,1.4458628827403508,2.1344748869764603,1.5193892540779192,3.3348305764418145,2.023481592947023,2.2347028541880314,2.521482937794356,1.6207645399467119,0.010167748274576855
C5orf58,2.743815772684677,2.8139852167798702,2.6601939323255674,2.7529617371097954,2.0786959165398065,2.7600594587620746,2.7190762220420583,3.291071215018085,2.780174829932363,2.795722407694594,2.756510597935935,2.7411152097113485,0.933784242560915,0.012956526488477985
DCAF4L2,3.352386833455249,3.2127709800212916,3.2057272720238807,2.2007156148055467,1.3726339324506442,3.1058159598306805,3.4134184732423534,3.5142857328896553,3.452983257021709,3.3442948983771714,3.2785329391992315,3.0412332630288557,,
SMEK3P,3.4695772616133147,3.022535140470254,2.9751240760978392,2.612949760610135,1.3537258458228039,3.076825380821722,3.2968519807871903,3.5466579139104297,3.8742686008207583,3.463381425637833,3.186838680804456,3.0798850970360676,,
DCAF8L1,4.791521691640589,4.227556458118508,3.9812223382016847,3.381600868672894,2.4843673778723643,4.429484681070131,4.850540772100167,5.569927897352024,4.8778590266894835,4.28485245798455,4.3571685695273406,4.29419110356634,,
PNCK,4.8553074830773255,4.653389512945736,4.9328391763511155,2.646966275318843,2.386150432291809,4.31821416570692,4.812307445606967,3.6440365885466823,4.4109855619775855,4.195250498142335,4.364599863842253,4.110913363982506,0.9421295397600045,0.13574106510844886
CBLN4,-1.6554668950383242,-2.2544614756817007,-1.5158898437056338,-1.0518144358264208,-1.5718150909199755,-2.207039452759774,-2.5938455164673835,-2.019159490121534,-1.9140602347332805,-1.7958231788142647,-1.8549417067737726,-1.8576652109856424,,
MUC15,3.1555947305343603,3.196882087594749,2.893605554108984,2.7182754254485095,2.4076102794378715,3.2438234687195933,3.1649298997124906,3.537396488570878,3.1130421149805922,2.811847564631674,3.1343184227574765,3.034302366954289,1.2507874365246774,0.060505918979237634
LRFN5,2.7866690924262305,2.1843825583734846,2.8178732210954407,1.7019603351632544,1.0032569598565784,2.925820589354859,2.1819792206958173,2.9619282849491735,2.2453628841170428,2.203944501482201,2.224653692799622,2.2943483036648824,-0.7808134169402561,0.22782394091474256
EME1,1.3151583798908335,1.2476169818306393,1.3609014041779632,1.4576203164626076,1.2182077617112883,1.1175316118594996,1.3337501776470384,1.067722614664577,1.275442453550042,1.2097245937274477,1.2615297176903406,1.2604732739283888,,
ZNF681,1.5411211850151985,1.502722523904898,1.5883208147419987,1.2636787780048075,1.2811515747250848,1.4667300812048425,1.6257820165156809,1.4178817151281522,1.3423726535077656,1.4584533780915019,1.4625917296481723,1.4500733136807367,-0.3460298795467949,0.12899755796255524
CKAP2L,1.3050876622770204,1.3468061538042735,1.289918214542378,1.2556809726041742,1.1000856099845207,1.3237191584445538,1.354239642270499,1.0553294665763207,1.1697569183544618,1.047198131273267,1.272799593573276,1.2291474112458862,,
GPAT2,1.5153236304487763,1.4640440646877968,1.5910436256237843,2.197044998806526,2.2466111397642345,1.3350132561959904,1.6593593194932688,1.2946058078451048,1.446906677248907,1.4967235945606974,1.5060236125047368,1.613881793379984,0.5666908611895748,0.031045451031046178
SLC16A14,-1.4528820463298644,-1.755644478332067,-1.5368138475322533,-1.5895999429880572,-1.3521867434660872,-1.8464960585549712,-1.8716975746763072,-1.9088875992249683,-1.6142021882583721,-1.7677432590070241,-1.6849233332952196,-1.6710070065150175,2.074290348837837,2.015830651385258e-10
SGOL1,1.363515157525794,1.313433911207654,1.3418642022410052,1.4205735421955714,1.3150296510269102,1.298693247124869,1.3606409985974401,1.10352141102176,1.2853350574119702,1.103704732586882,1.3142317811172821,1.2927766992779215,,
CCDC13,2.8319287124591215,2.8073308733764426,2.7574243285849636,2.452899502393738,3.291032437056783,2.6151077269146974,2.653816496940171,2.6198664807791556,3.974401687544288,2.787571204237145,2.772497766411054,2.869443383336142,-0.42557634146889006,0.24607415258816132
NKAIN2,2.0397427147609344,1.8617181792978428,1.9765422865914262,1.4585832381703507,1.187136127944151,1.8715847446227252,1.8409254314354482,2.1909618052178175,2.048351594702671,2.0274998861892812,1.9240635156070756,1.8570099567763385,,
ABCA13,2.246769877695034,2.068787555920978,1.9994764094123767,1.7779715416347555,1.6578628537405178,1.9575051182625216,2.0698353017298103,1.8976688713958751,1.7638704192863683,1.0653784813739056,1.9275869948291984,1.857519402298304,,
TRY6,4.723652043458484,4.558736972019398,4.454404330039162,6.604902330176956,6.783713106417436,4.300458058099339,4.494371338367014,4.476799439732331,4.153681303360532,4.512463718517725,4.50341752844237,4.8696909244209765,,
CLEC2L,2.7610365082989845,3.013979409440904,2.755762938352868,5.053690071786302,4.610891512522694,2.9176730757577563,2.7366389967788476,2.7438842923533078,3.4813633762963687,3.3382234031288407,2.96582624259933,3.307179075210564,1.1100186676831427,0.043650460274333246
FREM1,3.04334412121981,2.9946580316642897,2.926256860341046,3.5820602903159355,3.90808310541349,2.7542373443539523,3.1141984704674908,2.353508733322261,2.887329024234879,2.581334186611946,2.9604574460026676,3.009587964904343,1.0697945159386797,0.011663275926451128
CSAG1,3.9506719331754496,4.012364215900052,4.550840508927265,3.1340549449703703,2.4654337140266827,3.84209032442233,4.257882222966162,6.118055899037806,5.372170452635351,5.206181025636728,4.135123219433107,4.27680622373921,,
MDGA2,3.8120659225023115,3.078661037726402,3.1732583679437885,3.153879966338358,2.0516515981770356,2.999845600326272,3.3643525394104747,3.874445579817337,3.7974730443547355,3.2698599420960175,3.2215591550199028,3.254277523064785,,
ZNF781,1.4068531979968837,1.4123063977343369,1.7256351242452415,1.4905803054912004,1.163049893773093,1.4966807915754765,1.6006362960521245,1.5428835348357028,1.2318219304660831,1.626101685119584,1.4936305485333383,1.4718345187111874,0.2916169255131177,0.23468485863285496
ZNF676,1.9481586071312744,2.03606111282519,1.6701341966093046,1.9848590418663676,1.5838434627143378,1.8677401412073305,1.8623633648438331,2.1929391992367657,1.7668885480136662,2.147636517233922,1.9079493741693025,1.9062339605319354,,
COX7B2,2.3642077250539315,2.484480822717668,2.5393013061479035,2.1685487831595847,1.453401588944085,2.2379052222506646,2.935998469952011,3.218016616096991,2.7589408411239362,3.28577987878865,2.5118910644327856,2.54167930169711,,
NCRNA00189,1.7880655754396835,1.809112089018513,1.9848459113780996,2.077195046359907,1.7498489147653293,1.712244052653674,1.841597546181564,1.328433114794926,1.673921605239502,1.7626590655723906,1.7753623205060372,1.7730259310826932,,
PLD5,-1.1036454151975492,-1.129292408739666,-1.2772117500069295,1.1814843094989487,2.235974844907709,-1.2054350712494453,-1.218363268766667,-1.803163184225907,-1.5159099078290077,-2.147684482136042,-1.2118991700080561,-0.8359223185229646,1.8806113960853879,4.0089088367302525e-05
RDM1,1.4304540111775472,1.3388536495539691,1.4792255385604574,1.3567279530324863,1.0657513559330243,1.3163302484749617,1.4652827512716737,1.275786675012892,1.4613914575624218,1.3960050866229998,1.376366519827743,1.360197749730016,,
PAGE2,3.89747445768969,3.9006905559307015,4.2396340566998365,3.636622142000989,5.243727825041644,4.299451200051119,4.016413674248383,5.723218001440503,3.8272581925059628,3.9689751296684608,3.9926944019584223,4.249650876112337,,
SLC44A5,2.459813165352135,2.5320513354668748,2.3209347471728132,1.7489069064193525,1.0512795906393426,2.477588147336717,2.4191663223260567,2.590029053703721,2.320586500483429,2.4963000988242436,2.439489743839096,2.259649601051253,-0.48119479409986743,0.2159975586049514
C6orf223,1.555375281728212,1.6135052671358945,1.7023381639331863,1.9508703546689907,1.9509623914111531,1.425360869509859,1.3302009340046563,1.2663230505919791,1.605753924596038,1.3254898259105559,1.580564603162125,1.5733404242411497,-0.6519051982390831,0.1653118728727915
SEMA3D,1.612650704581414,1.2173702325820717,1.4577282255290127,1.324383560572902,1.5246845927511061,1.2947003869354239,1.284928608709612,1.1537703499586869,1.1967418149194342,1.148410776716329,1.289814497822518,1.3186530682798645,0.2981832921133673,0.22143279106722744
SPESP1,1.3495883313577877,1.5086898019134183,1.3009670603082892,1.2845673518203573,1.6749743794432892,1.4304035564522375,1.4224239989733323,1.3270895378818564,1.2298559404897305,1.3120138229216347,1.338338934619822,1.3799011560165235,,
SERHL2,-1.1517460067674752,-1.3243163891186744,-1.2876237687894045,-1.7230490457892487,-1.3095676994033054,-1.6786322569133694,-1.364289439131085,-1.5765967501954319,-1.3787271854805916,-1.380646251443736,-1.3715083123058383,-1.4133366459398327,1.0159164561813645,0.004743498646420578
COL24A1,3.1493740669482047,2.9227349339623663,2.9068898221087176,2.725675858533841,2.3641865527136883,2.9397871741526154,3.158367855746662,3.1452995597921047,3.0299450311998966,2.710336439345639,2.931261054057491,2.9076234862328385,,
PRR19,1.4243813122805098,1.3270649962260719,1.4668540881325256,1.3255729446782263,1.2568428806654544,1.220725764266696,1.4454756025479356,1.1822083870297435,1.2192893521896764,1.3922537899491358,1.326318970452149,1.3260898262198297,-0.3156894943708966,0.20679058024191524
DCAF4L1,1.670318451410271,1.7365049896413665,1.6722778644265055,1.553379763074916,1.439514295203723,1.6419382470650798,1.7340573187782495,1.6572983029578048,1.6022386226678653,1.7273710146779329,1.6638083771840377,1.645337022462523,0.5934445554687895,0.024872320934627254
FAM133A,3.3093996500511778,3.0915186853515104,2.976256864328744,2.803617215077673,1.8500750310078322,2.8027466486366865,3.3978878443945364,3.4700843208837973,3.773827569467561,3.1750026687324606,3.1332606770419855,3.071243379543087,,
TUSC5,-4.139433415468615,-3.336291004589826,-3.1235864027957203,4.944630847305407,4.966174433441068,-3.349215275029481,-3.179921250836137,-2.711361925290552,-3.2037705489664012,-3.3903725146998958,-3.191845899901269,-1.7922720869846749,1.6765208635156585,0.011649084190915246
LOC339535,3.721209898849437,3.6387885427259388,3.6415171210421,3.29268058302,2.80637592028908,3.8248962421443458,3.653063371128698,3.69244951375052,3.3962760889076278,3.0439392305855955,3.640152831884019,3.4864863040297602,,
ANKRD33,1.7182595194075119,1.5815961448847096,2.4704102150942076,1.2440108252442783,1.79755954441624,2.2052576734292835,1.6756654584248434,1.8612530300507655,1.6437347471731363,2.3347009067872277,1.757909531911876,1.8445779633476436,-1.7550082534135492,0.0029450746690530163
SEPT14,6.269816430824348,6.072957805005045,6.273867807713095,6.854783199519311,6.454551117315845,5.961279349717938,6.2554736479388025,6.1728595236538615,5.914842895914376,5.980577288487229,6.214166585796332,6.220470513807834,-1.7652252448086951,0.0695327024629888
SLCO4C1,1.5315626818744632,1.4334907786481106,1.3248247042815837,1.1340497316931353,1.1703555843501579,1.430412787558481,1.155326528767806,1.21328752072032,1.233364618881686,1.4373421969186357,1.279094661581635,1.3039192541160012,,
RTL1,5.247661952545265,5.127404394576625,5.136836464872736,5.82516375871459,6.583838671490691,4.92530400623126,5.153777326203339,4.794811600168745,5.230639777846963,4.736168014171949,5.145306895538037,5.264264805669108,2.326869172641037,0.001665041415809002
LIN28B,3.762461606173145,3.0213928295424943,3.2201009955344575,4.167709745230079,3.1981177381008274,2.8843418217840493,3.8577120867786507,3.32715499746791,3.7800188579883183,3.351356540945427,3.3392557692066687,3.44632936261382,,
PAGE2B,4.540093401592858,4.218199682021083,4.545067860098358,4.669155522194616,5.067012470593516,4.73450996799772,4.273455306625918,7.67033317019384,4.281190454395747,4.497678147567463,4.542580630845608,4.821752419466066,2.528049396231052,0.0022344096971535997
CSAG3,2.1457114038401928,2.1379608382445494,2.280098011718114,1.9201006144091655,1.4365892202705874,1.9133054534932443,2.2941128180800763,2.853196388234788,3.002941330234718,2.639431874606905,2.2129047077791535,2.2578502419010453,,
ELFN1,-1.380748859011558,-1.3951244907485834,-1.4392091471140818,-2.0219827169736817,-1.8148809508512378,-1.2160451410410587,-1.3379684283719107,-1.002576328974085,-1.7186283263740543,-1.3289771194712816,-1.3879366748800708,-1.458552562164691,,
DEFB132,-1.2082662059517502,-1.4276000586790552,-1.4591297270662,-2.023992742798773,-2.011810523719223,-1.2803370167335246,-1.5045597948442044,-1.0068621675837706,-1.1013311100378746,-1.1583469946530494,-1.3539685377062898,-1.4123822617976105,0.5424090322250588,0.20535927601856221
SOHLH1,4.086723197523811,3.7865841996038365,3.788834118319395,3.8096087002438437,3.804941020719757,3.8678610289032678,4.193476048689771,2.859084434797717,3.048645317042352,2.910932623314886,3.7968875695195763,3.6321434780616553,-2.6658264673190177,0.0008873686968365552
CTRB2,5.551769240195127,5.399438638772803,5.337129537821866,6.768287366321213,5.906463915513926,5.171960678829971,5.4154403174532595,4.935573627273482,5.175579586809589,5.383039484295348,5.391239061534075,5.494174677710969,4.242587940907776,0.0007608706425317941
LOC440905,3.1479068447333898,2.8567660905569507,3.0906524640004833,3.3899454391702672,3.208089965203068,2.4943017696781444,3.19860537106737,2.210240104553383,2.9943299780983037,2.5961998181099473,3.0424912210493935,2.9299571878382453,,
LOC441666,1.9126642659065853,1.9317465106283538,1.9168152211652345,1.6891564609959855,1.441540928311911,1.9216689866870345,1.9931657573102928,1.7306697802412156,1.5229476992344289,1.777233190367608,1.8449487281370966,1.789323411725977,-0.4878147881311381,0.10004498374076963
RFPL4B,3.5033642722560607,3.332292201598056,3.3614047118558728,3.171244311621038,2.9940699186365394,3.3416517253587585,3.3525393785548454,3.410066896651565,4.1808179987802925,3.8770512665258523,3.3569720452053593,3.4437704297312943,,
ZNF826,1.7064783841332771,1.7564059782788328,1.6917930235063734,1.6916345351227562,1.8239338215770182,1.6099410695688712,1.874230975074891,1.5589078518665618,1.5745631356833238,1.6882925596139864,1.691713779314565,1.6970813739764052,,
RHOXF2B,5.038470272814675,3.6905692381423383,3.788583804651369,6.668192874988774,6.467245800035886,3.496913960825215,5.709101431790391,5.5714680380078,3.5578664311260715,3.82519425640063,4.431832264607652,4.749585306671891,3.0484525451341136,0.00044401169812133257
CT47A1,8.242674385522335,8.06342208563142,8.137067470326887,5.476213831069059,7.316629008902051,8.189254746493623,8.006452372993866,12.210969185585023,7.1579319027242745,6.568074695367854,8.034937229312643,7.945784264902641,,
TSPY3,3.693453337021855,3.019778823848334,5.710424061431344,5.509298764519712,6.362493970073584,2.6988193721899196,5.610472127351681,2.6883657204406703,4.957329468393762,3.789049585039456,4.373189526716609,4.401152250638812,,
MAGEA9B,5.900066912306589,4.5743655514557044,6.919681628021719,4.394889667422366,4.551970519043683,4.340865942682632,5.985681830942676,4.975404276154331,5.323257481123783,4.970250555208035,4.9728274156811825,5.173569252731154,2.7539791583144675,0.0010146947948238472
CSAG2,2.1764674189570137,2.4233366442685615,2.5127061151158823,2.026355070527147,1.5246539427491153,1.9855559162599925,2.578922703128819,3.3318527071560005,3.5243257470661797,3.3561247954679296,2.468021379692222,2.5371202218535327,,
GAGE12J,3.7854261268381273,2.435322643573088,2.65664366065623,3.3715968214898644,4.477212556690531,2.424846575429747,3.7978344431984414,3.96899642302267,4.3438335864468955,2.8147840938369275,3.578511474163996,3.4231825823042286,2.6252797642187087,0.003172640248714144
GAGE2D,4.052665425075655,3.7303175717496266,4.087133697409497,5.683297383940031,4.9695249101250365,4.00441831207529,4.025910466299272,4.894873534365759,4.2265355354116645,3.8299109802626328,4.0698995612425755,4.324953397996095,3.4184607735378982,0.0018892970923036307
CECR7,2.7752610474561066,2.5237022840197296,2.685345905995162,2.51768782782839,2.4849346067231335,2.3661811556497456,2.6021691710457437,2.3601989040578415,2.3958191896928596,2.386686223626662,2.5013112172757617,2.509027048488285,,
LOC100131726,-1.2171908434964036,-1.4135971335243187,-1.4338259677741736,-2.7400086730222215,-2.3706170926947485,-2.447118152439587,-1.3500252751908473,-1.5448789525039044,-1.61708859785891,-1.6497654438814917,-1.5809837751814073,-1.7604636279607286,1.1940925746781859,0.015637341886559464
GAGE12D,3.838596632617449,2.277487550191082,2.4856652732767444,3.1870535552525965,4.157159865320325,2.5760169572731204,3.851821595952481,5.249912982361549,3.4185418943570998,2.2895715651320567,3.302797724804848,3.330420508776305,3.597904180825698,0.0006708103271478894
